policy,seed,num_games,num_wins,perc_le_6,avg_time,max_guesses,min_guesses,avg_guesses,median_guesses,std_guesses,perc_correct_letters,perc_misplaced_letters,perc_incorrect_letters
random,42,5000,5000,0.26,0.007364825296401978,2315,1,1152.7738,1152.5,668.4836651957615,7.905550941563731,18.375892998262106,73.71855606017417
smart_random,42,5000,5000,91.42,0.00105289945602417,10,1,4.9974,5.0,1.1652438543068981,40.51626845959899,14.088926241645655,45.39480529875535
probabilistic_greedy,42,5000,5000,97.24000000000001,0.011274490308761596,10,1,4.5346,5.0,1.061886453440275,47.14329819609227,12.077801790676135,40.77890001323159
genetic,42,5000,5000,93.26,2.3841652278900147,9,1,4.9918,5.0,1.0486814387601335,37.220241195560725,14.990183901598622,47.789574902840656
minimax,42,5000,5000,97.5,0.05215546517372131,8,1,4.5764,5.0,1.0078507032294244,44.622847653177175,13.49095358797308,41.88619875884975